id,login,password_hash,nom,prenom,role,site
1,adurat,5e884898da28047151d0e56f8dc6292773603d0d6aabbdd62a11ef721d1542d8,Durat,Alain,USER,Marseille
2,blegrand,5e884898da28047151d0e56f8dc6292773603d0d6aabbdd62a11ef721d1542d8,Legrand,Bruno,USER,Rennes
3,rtoto,8858d9c298befce908c5c8563636f36d9d7a417a2110667af9f5077b326483d3,toto,riman,USER,Marseille
4,yapozihdp,fca1fab6fe597416ece8bdd6df7b509134eb9da437dc7c614a0a2a1333720028,apozihdp,youssef,USER,Paris
5,ibakhti,2be18c5794fa5655d5bb3b45db68805c638b6a823f3555bf0287f71043704451,jojo,jiji,USER,Paris
6,inconnu,88dc2b94573cbfb7825ad7c00523c88ff2f2405bfe3196ce7cd019ddb173c664,elmimouni,,USER,Paris
7,inconnu,af7f06aa71a9ff8e3224cc6012e9afca66242a01741a9ef177f0184c9260cc1c,elmimouni,,USER,Paris
8,inconnu,72af978d9a5582c4e2600f08a1544e0a8d07fe501b5fd6473f5b314754d6efd9,elmimouni,,USER,Paris
9,gkhadifi,f469b57a15658d0fc37b6a3fbb5a4b7abc4c3006f013e0eec429853a3dc3cf2f,khadifi,gad,USER,Marseille
10,raze,3fcb886ab38f1d44c5e34c6df5a667dd8df06663dcffb87084f31db0ab1d1aef,aze,rty,USER,Grenoble
